{
  "project_info": {
    "project_number": "893436004437",
    "firebase_url": "https://household-ledger-acc3c.firebaseio.com",
    "project_id": "household-ledger-acc3c",
    "storage_bucket": "household-ledger-acc3c.appspot.com"
  },
  "client": [
    {
      "client_info": {
        "mobilesdk_app_id": "1:893436004437:android:d154196dbcbfd2b5e22cdc",
        "android_client_info": {
          "package_name": "com.example.household_ledger"
        }
      },
      "oauth_client": [
        {
          "client_id": "893436004437-qgf4n86qj3fj5869rqjgi98ti19g53l4.apps.googleusercontent.com",
          "client_type": 1,
          "android_info": {
            "package_name": "com.example.household_ledger",
            "certificate_hash": "7be437e25a16a971d194489cab53b830725e50d5"
          }
        },
        {
          "client_id": "893436004437-33o1k12tcne4lvslip3sj9ta0j60u5rp.apps.googleusercontent.com",
          "client_type": 3
        }
      ],
      "api_key": [
        {
          "current_key": "AIzaSyBWq5DL18CsslhdCbjx--zZEdESUTKlkXQ"
        }
      ],
      "services": {
        "appinvite_service": {
          "other_platform_oauth_client": [
            {
              "client_id": "893436004437-33o1k12tcne4lvslip3sj9ta0j60u5rp.apps.googleusercontent.com",
              "client_type": 3
            }
          ]
        }
      }
    }
  ],
  "configuration_version": "1"
}